{
  "auth": {
    "boyaki4291c1e2": {
      "service": "Cognito",
      "providerPlugin": "awscloudformation",
      "dependsOn": [],
      "customAuth": false
    }
  },
  "api": {
    "BoyakiGql": {
      "service": "AppSync",
      "providerPlugin": "awscloudformation",
      "output": {
        "authConfig": {
          "defaultAuthentication": {
            "authenticationType": "AMAZON_COGNITO_USER_POOLS",
            "userPoolConfig": {
              "userPoolId": "authboyaki4291c1e2"
            }
          },
          "additionalAuthenticationProviders": []
        }
      }
    }
  }
}
