{
  "production": {
    "awscloudformation": {
      "AuthRoleName": "amplify-boyaki-production-190943-authRole",
      "UnauthRoleArn": "arn:aws:iam::514064659756:role/amplify-boyaki-production-190943-unauthRole",
      "AuthRoleArn": "arn:aws:iam::514064659756:role/amplify-boyaki-production-190943-authRole",
      "Region": "us-east-1",
      "DeploymentBucketName": "amplify-boyaki-production-190943-deployment",
      "UnauthRoleName": "amplify-boyaki-production-190943-unauthRole",
      "StackName": "amplify-boyaki-production-190943",
      "StackId": "arn:aws:cloudformation:us-east-1:514064659756:stack/amplify-boyaki-production-190943/ad6f9500-bed3-11eb-bd41-0ab042f700a7",
      "AmplifyAppId": "dwujb2zez5tkp"
    },
    "categories": {
      "auth": {
        "boyaki4291c1e2": {}
      }
    }
  }
}