{
  "providers": {
    "awscloudformation": {
      "AuthRoleName": "amplify-boyaki-production-190943-authRole",
      "UnauthRoleArn": "arn:aws:iam::514064659756:role/amplify-boyaki-production-190943-unauthRole",
      "AuthRoleArn": "arn:aws:iam::514064659756:role/amplify-boyaki-production-190943-authRole",
      "Region": "us-east-1",
      "DeploymentBucketName": "amplify-boyaki-production-190943-deployment",
      "UnauthRoleName": "amplify-boyaki-production-190943-unauthRole",
      "StackName": "amplify-boyaki-production-190943",
      "StackId": "arn:aws:cloudformation:us-east-1:514064659756:stack/amplify-boyaki-production-190943/ad6f9500-bed3-11eb-bd41-0ab042f700a7",
      "AmplifyAppId": "dwujb2zez5tkp"
    }
  },
  "auth": {
    "boyaki4291c1e2": {
      "service": "Cognito",
      "providerPlugin": "awscloudformation",
      "dependsOn": [],
      "customAuth": false,
      "providerMetadata": {
        "s3TemplateURL": "https://s3.amazonaws.com/amplify-boyaki-production-190943-deployment/amplify-cfn-templates/auth/boyaki4291c1e2-cloudformation-template.yml",
        "logicalId": "authboyaki4291c1e2"
      },
      "lastPushTimeStamp": "2021-05-30T03:03:34.872Z",
      "output": {
        "AppClientSecret": "1bd1fqonsvu93gbt1k0q5rkipp2or08et72aq593gcmouk1brqee",
        "UserPoolId": "us-east-1_iCOpgBNBs",
        "AppClientIDWeb": "6fsuhtpm23fdbn1qgpmirjtpvp",
        "AppClientID": "m54iddn782330etee4m7g338b",
        "IdentityPoolId": "us-east-1:55d90ce0-97ae-4f27-8a50-ab38f4442e36",
        "IdentityPoolName": "boyaki4291c1e2_identitypool_4291c1e2__production",
        "UserPoolName": "boyaki4291c1e2_userpool_4291c1e2"
      },
      "lastPushDirHash": "zKMLtEArmvw84NgNR937Greomjg="
    }
  },
  "api": {
    "BoyakiGql": {
      "service": "AppSync",
      "providerPlugin": "awscloudformation",
      "output": {
        "authConfig": {
          "defaultAuthentication": {
            "authenticationType": "AMAZON_COGNITO_USER_POOLS",
            "userPoolConfig": {
              "userPoolId": "authboyaki4291c1e2"
            }
          },
          "additionalAuthenticationProviders": []
        },
        "GraphQLAPIIdOutput": "csu2pa557jbuxkzvo3xa5xzwx4",
        "GraphQLAPIEndpointOutput": "https://tey2zd2jxjeppjaycvjiwgz6fq.appsync-api.us-east-1.amazonaws.com/graphql"
      },
      "providerMetadata": {
        "s3TemplateURL": "https://s3.amazonaws.com/amplify-boyaki-production-190943-deployment/amplify-cfn-templates/api/cloudformation-template.json",
        "logicalId": "apiBoyakiGql"
      },
      "lastPushTimeStamp": "2021-05-30T03:03:35.193Z",
      "lastPushDirHash": "6LgApqu/jZFy4mi5mMtz87t6MrU="
    }
  }
}